1,senator carl krueger thinks ipods can kill you,0.08299,0.0664,0.1983,0.07472,0.2966,0.2809
2,who is prince frederic von anhalt,0.09871,0.1736,0.05472,0.188,0.2607,0.2242
3,prestige has magic touch,0,0,0.03784,0.3639,0.2568,0.3415
4,study female seals picky about mates,0.09145,0.1247,0.06831,0.3657,0.06828,0.2816
5,no e book for harry potter vii,0.08554,0.0821,0,0.4635,0.09429,0.2746
6,blair apologises over friendly fire inquest,0.07278,0.06903,0.2561,0.02784,0.3811,0.1932
7,vegetables may boost brain power in older adults,0.009018,0.003505,0.1337,0.4001,0.07104,0.3826
8,afghan forces retake town that was overrun by taliban,0.09054,0.01642,0.3527,0.03693,0.3705,0.1329
9,skip the showers male sweat turns women on study says,0.04084,0.1724,0.01051,0.1177,0.02102,0.6376
10,made in china irks some burberry shoppers,0.06071,0.05046,0.1617,0.3564,0.07009,0.3006
11,britain to restrict immigrants from new eu members,0.08088,0.01538,0.2119,0.2995,0.2666,0.1257
12,canadian breakthrough offers hope on autism,0.1251,0.03139,0.1737,0.3357,0.1006,0.2336
13,russia to strengthen its military muscle,0.1069,0.08418,0.2364,0.2818,0.1367,0.1541
14,alzheimer s drugs offer no help study finds,0.1128,0.1368,0.1445,0.2595,0.1563,0.1901
15,uk police slammed over terror raid,0.1016,0.09408,0.4633,0.09553,0.1278,0.1176
16,no rejects police state claim,0.1811,0.1382,0.3688,0.0762,0.1296,0.1061
17,oprah announces new book club pick,0.06479,0.09327,0.1129,0.428,0.1315,0.1695
18,smith can t be buried until hearing,0.1052,0.03335,0.138,0.1299,0.3046,0.289
19,african nation hopes whoopi can help,0.02125,0.01783,0.09813,0.3986,0.14,0.3242
20,tourism lags in bush s hometown,0.0697,0.02964,0.1202,0.4458,0.1474,0.1873
21,air france klm profit rises,0.194,0.06802,0.2036,0.2467,0.1675,0.1201
22,au regrets sudan s expulsion of un envoy,0.07139,0.05554,0.1091,0.4076,0.2434,0.113
23,taiwan s mr clean indicted steps down,0.04503,0.02269,0.114,0.3759,0.2838,0.1586
24,martian life could have evaded detection by viking landers,0.1121,0.0292,0.09328,0.03011,0.1951,0.5401
25,turner pays for boston bombing,0.0811,0.05056,0.02751,0.515,0.107,0.2189
26,serena misses bangalore tournament,0.003671,0.03857,0.07042,0.01178,0.5195,0.3561
27,attorneys point fingers in fight between ryan o neal and son,0.05481,0.06944,0.1099,0.3505,0.1775,0.2379
28,pledge i was abused in frat hazing,0.04682,0.0402,0.2066,0.1781,0.1679,0.3604
29,whistle blowing web site exposed,0.1586,0.03873,0.2334,0.1364,0.2002,0.2326
30,growing unarmed battalion in qaeda army is using internet to get the message out,0.0789,0.07941,0.2013,0.3495,0.09311,0.1978
31,royal rescues presidential hopes with commanding performance,0.01115,0.03568,0.008946,0.5832,0.05196,0.3091
32,minister slams airlines on carbon,0.1082,0.08397,0.2425,0.1834,0.2509,0.131
33,audio slide show a love story lasting years,0.03332,0.0328,0.09006,0.2646,0.3496,0.2297
34,fully cooked chicken strips recalled,0.1222,0.0328,0.3268,0.231,0.1089,0.1785
35,madonna adoption bid approved,0.0002602,0.02967,0.001477,0.62,0.03547,0.3132
36,rowdy fans ejected from the open,0.09305,0.01768,0.07882,0.3896,0.2632,0.1577
37,snow wreaks havoc in east midwest,0.06632,0.02171,0.2869,0.08214,0.2167,0.3262
38,the energy challenge exotic visions how to cool a planet maybe,0.1072,0.09571,0.1867,0.2173,0.1479,0.2452
39,libby defense upsets judge rests,0.2603,0.1578,0.1118,0.1008,0.084,0.2853
40,briton admits u s bomb plot role,0.1584,0.09963,0.2736,0.1617,0.1635,0.1431
41,routine mission turns into hunt for missing comrade,0.04094,0.02711,0.1348,0.4024,0.1623,0.2325
42,ex suspect slams anti terror laws,0.09127,0.04369,0.5039,0.09735,0.1512,0.1126
43,federer overcomes a ragged start,0.01843,0.02754,0.05652,0.3948,0.1934,0.3092
44,investigation of child porn site hits nations,0.1917,0.1988,0.1183,0.1513,0.1911,0.1488
45,bangladesh ends curfew amid unrest,0.07918,0.08129,0.1254,0.0451,0.2346,0.4343
46,sarkozy comfort zone offers a royal opportunity,0.06144,0.02662,0.01638,0.4684,0.0663,0.3609
47,sick hearts switch on a fetal gene,0.04099,0.05341,0.09915,0.3507,0.1733,0.2823
48,chinese president arrives in mozambique african tour nearly over,0,0.01245,0,0.6673,0.02887,0.2914
49,homemade bombs kill on indian train,0.1114,0.06095,0.2663,0.05873,0.3796,0.123
50,france rejects rwandan investigators,0.183,0.1036,0.281,0.1349,0.2071,0.09017
51,at libby trial russert of nbc gives and gets,0.08135,0.06181,0.09573,0.3791,0.1531,0.2289
52,rare optimism as north korea talks reach crossroads,0.07611,0.01877,0.1982,0.3457,0.1592,0.202
53,for women nothing s like the smell of men s sweat,0.03034,0.09586,0.03315,0.3195,0.1421,0.379
54,reports harvard set to name first female president,0.1309,0.04211,0.0263,0.3609,0.03507,0.4047
55,justin timberlake cameron diaz announce split,0.06397,0.0128,0.07011,0.3438,0.04491,0.4644
56,hastert sorry for scandal but not quitting,0.04821,0.1112,0.01439,0.3572,0.2131,0.2559
57,world s oldest newspaper now exists only online,0.09885,0.05385,0.1561,0.3099,0.1605,0.2208
58,houston she s got some problems,0.04785,0.02404,0.08639,0.4624,0.1889,0.1904
59,firms on alert for letter bombs,0.0346,0.02873,0.08313,0.3423,0.1282,0.3831
60,study africa s internet gap getting wider,0.1358,0.1164,0.08854,0.2253,0.299,0.1349
61,siesta cuts risk of heart disease death study finds,0.0484,0.07313,0.1692,0.3817,0.02275,0.3048
62,spain ahead although nadal is out,0.01913,0.004189,0.07446,0.6595,0.03941,0.2033
63,runway making good without making nice,0.05064,0.05665,0.01925,0.4866,0.1402,0.2466
64,russia plans new icbms nuclear subs,0.06462,0.04919,0.2132,0.3184,0.06198,0.2926
65,no buyer in sight for napster,0.1314,0.1147,0.04426,0.3406,0.1391,0.2299
66,outcry at n korea nuclear test,0.03194,0.006638,0.1554,0.3626,0.2342,0.2092
67,ipod good for video games,0.0299,0.0422,0.01428,0.5684,0.1394,0.2058
68,taking the plunge,0.02822,0.0262,0.1243,0.5284,0.07734,0.2156
69,england include giles in wc squad,0.06229,0.04616,0.2184,0.1746,0.2898,0.2086
70,beyonce copyright claim rejected,0.06288,0.04267,0.06796,0.1725,0.1297,0.5242
71,london market a shopping dining haven,0.06167,0.07095,0.1511,0.2562,0.2532,0.2068
72,pm havana deal a good experiment,0.1676,0.09605,0.1101,0.2562,0.2165,0.1536
73,dozens killed in baghdad bombing,0.09912,0.05075,0.2214,0.1458,0.3704,0.1126
74,damaged japanese whaling ship may resume hunting off antarctica,0.08783,0.05052,0.1397,0.2905,0.2515,0.1799
75,un nuclear watchdog slashes iran aid,0.2286,0.05984,0.3826,0.05883,0.1532,0.1169
76,toyota s scion parks in second life,0.01102,0.001947,0.09467,0.5482,0.1892,0.155
77,telecoms giant slashes jobs,0.0065,0.001301,0.1357,0.02481,0.5832,0.2486
78,canete wins inaugural joburg open,0.002947,0.0005896,0.02553,0.8088,0.002069,0.1601
79,yahoo s mission quest,0.06814,0.05248,0.1044,0.4196,0.2428,0.1126
80,weekly nielsen will lost find its way back,0.02208,0.01649,0.07744,0.3167,0.3466,0.2207
81,u s online love brokers eye china,0.1304,0.06006,0.164,0.1822,0.3257,0.1376
82,amish schoolhouse torn down,0.0551,0.01356,0.3672,0.01163,0.4071,0.1455
83,china cheney shores up the trilateral alliance,0.01943,0.01079,0.1139,0.5518,0.02434,0.2797
84,g yen skates by yuan singled out,0.1816,0.1014,0.1484,0.08125,0.192,0.2954
85,friendly fire pilot experienced,0.05703,0.06302,0.2863,0.002684,0.3273,0.2637
86,updates on world s top stories,0.02261,0,0.3906,0.2722,0.05335,0.2613
87,diplomat acknowledges us arrogance in iraq,0.1145,0.08225,0.1914,0.154,0.337,0.1209
88,madonna s new baby s daddy didn t realize adoption was for good,0.0363,0.03457,0.06814,0.4865,0.1106,0.2639
89,appeal by chinese researcher for times may soon be heard,0.07944,0.05465,0.09637,0.3617,0.2576,0.1503
90,snowbirds shortening their florida stays,0.03616,0.03303,0.07793,0.2936,0.4862,0.07304
91,oxfam action needed for chad,0.02897,0.02655,0.01196,0.5237,0.05112,0.3577
92,bush adamant on troops to iraq,0.2014,0.1019,0.4049,0.04914,0.1488,0.09387
93,ukraine gas deal marred by fears,0.1897,0.09104,0.05002,0.2419,0.188,0.2393
94,shoplifters choice police or t shirt of shame,0.09534,0.05502,0.3044,0.1776,0.09525,0.2723
95,travel chaos as heavy snow hits uk,0.02694,0.01263,0.2611,0.2597,0.2517,0.188
96,tow truck drivers accused of stealing cars,0.03073,0.07528,0.1101,0.4141,0.2872,0.08266
97,joseph wambaugh s new start,0,0.005841,0.05595,0.7482,0.01752,0.1724
98,human error caused helios crash,0.2153,0.1173,0.04387,0.03384,0.3869,0.2029
99,charts is your city lean or lethargic,0.01904,0.01186,0.1238,0.3521,0.03823,0.455
100,st louis poised for entertainment upswing,0.0329,0.03015,0.01377,0.6217,0.05837,0.2431
101,ivrea journal in italian town a civics lesson from pelting neighbors,0.07296,0.01596,0.2531,0.2254,0.3015,0.1311
102,review virtual american idol hits right notes,0.01329,0.01004,0.004847,0.6612,0.03991,0.2707
103,squadron apologies over friendly fire death,0.07851,0.08434,0.2459,0.03777,0.3494,0.2041
104,the breast cancer breakthrough saving women a year,0.1188,0.04285,0.2161,0.259,0.1329,0.2302
105,abbas rejects temporary state,0.2391,0.1963,0.2677,0.05519,0.1756,0.06616
106,iraqi forces detain official suspected in shia conspiracy,0.1375,0.08188,0.1743,0.09008,0.4056,0.1106
107,congressman rebukes u s allies for lack of support in afghanistan,0.1366,0.05543,0.2335,0.1915,0.2022,0.1809
108,easy ways to really save,0.06941,0.03411,0.02353,0.3652,0.1421,0.3657
109,real suffer carlos injury setback,0.009279,0.001857,0.01017,0.7494,0.006515,0.2227
110,marijuana may stave off alzheimer s,0.03566,0,0.1303,0.4572,0.1974,0.1794
111,smokestacks in a white wilderness divide iceland,0.04238,0.05522,0.1062,0.3991,0.1792,0.2179
112,paris journal smoking no longer tres chic in france,0.1205,0.09566,0.1044,0.2017,0.1874,0.2903
113,cher s dress car bed have new owners,0,0.005657,0.05418,0.704,0.01697,0.2192
114,hungarian opposition calls for vote after violence escalates,0.181,0.02733,0.2918,0.2027,0.1493,0.1479
115,freed kidnap suspect my terror at police raid,0.1078,0.0506,0.5396,0.08027,0.1415,0.08025
116,rockers big winners at brit awards,0.02274,0.006231,0.06944,0.4919,0.1376,0.2721
117,cia leak trial summary,0.07479,0.02833,0.311,0.1973,0.2558,0.1327
118,experts issue new heart disease guidelines for women,0.04152,0.01283,0.2632,0.2052,0.1305,0.3468
119,in god s name religion based tax breaks housing to paychecks to books,0.1755,0.05873,0.1132,0.2149,0.0886,0.349
120,snow causes transport chaos in britain,0.02862,0.01259,0.3533,0.09099,0.2562,0.2582
121,injured sarwan to miss one dayers,0.04586,0.02292,0.1328,0.3936,0.05454,0.3503
122,study napping might help heart,0.1288,0.1299,0.1318,0.1703,0.1701,0.2691
123,tailors and housewives busy as muslims celebrate eid,0.05658,0.05112,0.0481,0.6007,0.09005,0.1535
124,malaysia aggressively wooing tourists,0.03309,0.006655,0.4425,0.01388,0.4616,0.04239
125,creating a whole album in a month,0.05011,0.06167,0.1135,0.3271,0.2049,0.2426
126,wellcome awards anti fat research,0.05493,0.1879,0.1051,0.2523,0.2197,0.18
127,can t do this anymore not jack,0.05578,0.03291,0.105,0.2685,0.187,0.3507
128,iran s boast on uranium enrichment is put to test,0.1621,0.04399,0.2916,0.1867,0.07125,0.2444
129,iraq closes borders with syria and iran,0.08869,0.103,0.1484,0.2258,0.1955,0.2387
130,in clue to addiction brain injury halts smoking,0.06526,0.01282,0.1591,0.3214,0.1352,0.3063
131,manning inspires giants to victory in dallas,0.0547,0.04447,0.09032,0.513,0.1313,0.1661
132,research supports medicinal marijuana,0.007751,0.004421,0.01073,0.7339,0.01705,0.2262
133,iraq insurgents attack us base,0.1722,0.07897,0.2583,0.05967,0.3288,0.102
134,fire extinguisher part of tennessee execution kit,0.08322,0.06218,0.276,0.007974,0.3965,0.1742
135,city sets up ice storm shelters,0.02283,0.009559,0.2895,0.3438,0.1751,0.1592
136,gently weeps lyrics sheet up for sale,0.05329,0.04048,0.09343,0.4977,0.0604,0.2547
137,cholesterol link in diabetes study,0.05823,0.02167,0.238,0.2366,0.1429,0.3026
138,zoo polar bear to have root canal,0.06751,0.01502,0.1066,0.2928,0.1875,0.3306
139,howard slams obama on iraq policy,0.07204,0.0392,0.2128,0.3749,0.1049,0.1962
140,fight starts over hpv vaccine,0.1092,0.07326,0.1131,0.3186,0.08244,0.3033
141,obama announces presidential bid,0.07216,0.0815,0.06639,0.4703,0.1393,0.1704
142,another death at georgia aquarium,0.04286,0.009252,0.06735,0.3455,0.3006,0.2345
143,johnny depp to make movie of spy poisoning,0,0.03293,0.07945,0.6048,0.07204,0.2109
144,pap test a mainstay against cervical cancer may be fading,0.06983,0.02959,0.1201,0.2919,0.2673,0.2213
145,boy allegedly told to kill by mom gives up,0.09977,0.1043,0.252,0.02946,0.3794,0.1351
146,catania punished for fan violence,0.04719,0.06524,0.04672,0.4708,0.09893,0.2712
147,the summit a slap in the face of the palestinians,0.03783,0.02785,0.1502,0.5141,0.0767,0.1933
148,dead bachelors in remote china still find wives,0.03496,0.002135,0.2169,0.2335,0.3429,0.1697
149,boy missing since found alive,0.05239,0.01641,0.2845,0.1015,0.2474,0.2978
150,girl left comatose after dental visit dies,0.07854,0.01007,0.3127,0.2525,0.2055,0.1407
151,fine wines in british columbia,0.06732,0.03922,0.2747,0.2228,0.2196,0.1764
152,bollywood s brangelina engaged,0.06814,0.05248,0.1044,0.4196,0.2428,0.1126
153,north korea ready to discuss nuke disarmament,0.06517,0.008791,0.2657,0.324,0.1617,0.1746
154,action intensity boosts vision,0.003004,0.07655,0.002876,0.3166,0.0133,0.5877
155,stonehenge workers village found,0.02359,0.09526,0.1275,0.4012,0.1047,0.2478
156,scientists tout cocoa s health benefits,0.02752,0.008476,0.05909,0.4864,0.1444,0.2741
157,can north korea be trusted,0.06555,0.02056,0.2149,0.3281,0.1645,0.2064
158,trailblazing trio protects city by the bay,0.06425,0.04584,0.03618,0.5521,0.09276,0.2089
159,ganguly handed india squad call up,0.05498,0.006049,0.04542,0.4512,0.1783,0.264
160,beauticians cut curl offer stroke prevention info,0.04433,0.03367,0.2864,0.2201,0.22,0.1956
161,studios sign off on movie downloads,0.06389,0.03431,0.1679,0.383,0.2311,0.1198
162,global web of suspects in child rape download,0.1603,0.1204,0.1924,0.09071,0.2659,0.1703
163,libby prosecutors await judge s rulings,0.09685,0.07558,0.07718,0.3798,0.1687,0.2018
164,police probe church fires half mile apart,0.1478,0.1281,0.2511,0.1259,0.2993,0.04782
165,second hanging also went awry iraq tape shows,0.1943,0.1059,0.3079,0.04971,0.2503,0.09192
166,stepping back in time at ski resort,0.08399,0.04288,0.1007,0.3635,0.225,0.184
167,iraqi journalists add laws to list of dangers,0.1172,0.07125,0.2186,0.1066,0.2089,0.2774
168,boy scouts blamed for starting wildfire,0.06201,0.03279,0.1761,0.2856,0.2189,0.2247
169,report links humans to global warming,0.1165,0.0399,0.1104,0.231,0.3231,0.179
170,stenson defends his title at dubai,0.04175,0.01459,0.0547,0.5617,0.1844,0.1429
171,iraqi linked to sunni bloc is held in plot military says,0.1183,0.05619,0.1562,0.2761,0.1501,0.2432
172,china launches two satellites into orbit,0.0621,0.01056,0.05755,0.4451,0.05241,0.3722
173,north africa feared as staging ground for terror,0.05679,0.02179,0.1158,0.3069,0.3137,0.185
174,breast cancer drug promises hope,0.02103,0.0005153,0.1393,0.3991,0.1576,0.2825
175,mortar assault leaves at least dead,0.05146,0.01298,0.1366,0.2558,0.3524,0.1907
176,building a memorial to a son one child at a time,0.04968,0.06007,0.111,0.3302,0.2015,0.2475
177,northeaster cancels flights shuts schools,0.1158,0.07773,0.4394,0.01415,0.3101,0.04275
178,india to test new nuclear missile,0.09187,0.05197,0.1844,0.3957,0.09645,0.1796
179,dell to cut bonuses trim management,0.06451,0.01715,0.05769,0.4037,0.1629,0.2941
180,uk workers on alert for letter bombs,0.06195,0.1164,0.1865,0.1719,0.1474,0.3158
181,storm leaves behind major travel troubles,0.0487,0.03247,0.4642,0.06242,0.2701,0.1221
182,rupert murdoch s secret tivo,0.02365,0,0.03461,0.2957,0.3087,0.3374
183,house passes anti terrorism measure manila,0.07542,0.02542,0.1435,0.3504,0.2682,0.137
184,genghis khan beer mongolia grimaces,0.06397,0.0128,0.07011,0.3438,0.04491,0.4644
185,youtube founders split m payout,0.02585,0.03197,0.04533,0.294,0.2377,0.3652
186,former teacher poses for playboy,0.137,0.08245,0.04233,0.4065,0.1543,0.1774
187,madonna files adoption papers in malawi,0.01592,0.009837,0.04346,0.5639,0.03939,0.3275
188,eye on cosmos is lost to short circuit on hubble,0.07142,0.04086,0.207,0.3383,0.1841,0.1582
189,all african amputee football games kick off,0,0,0.001335,0.6149,0,0.3838
190,forecasters expect toasty,0.06397,0.0128,0.07011,0.3438,0.04491,0.4644
191,corn stoves popping up in u s homes,0.1159,0.03468,0.2162,0.3044,0.1438,0.1851
192,chvez threatens to jail violators of price controls,0.1655,0.07683,0.111,0.303,0.08499,0.2587
193,scientists discover miracle in the depths,0.05556,0.006854,0.1038,0.4671,0.0496,0.3171
194,google unveils do it yourself search engine,0.02096,0.03292,0.1516,0.2318,0.1594,0.4034
195,ready to eat chicken breasts recalled due to suspected listeria,0.1148,0.03776,0.205,0.3594,0.09966,0.1833
196,teen allegedly armed by mom turns self in,0.1525,0.1003,0.1161,0.06818,0.2541,0.3088
197,town packs gym to mourn killed in fire,0.08176,0.008534,0.2945,0.1513,0.3173,0.1465
198,cocoa could be antidote to age related diseases says new study,0.03765,0.03759,0.1746,0.1768,0.3799,0.1933
199,roundup protests erupt despite state of siege in guinea,0.1094,0.06397,0.3332,0.1298,0.2091,0.1547
200,bush authorized iranians arrest in iraq rice says,0.2064,0.1572,0.2947,0.04922,0.2249,0.06749
201,anglican and catholic churches could merge,0.05976,0.05624,0.05359,0.4908,0.09601,0.2436
202,cousin gunman was srebrenica survivor,0.07178,0.05553,0.1938,0.1222,0.2189,0.3377
203,australia tells bush to speed up guantanamo trial,0.06066,0.02539,0.1747,0.3703,0.07675,0.2923
204,european space agency,0.007645,0.00153,0.07037,0.09066,0.005367,0.8243
205,the secrets people reveal,0.02596,0.014,0.1143,0.6387,0.01638,0.1907
206,news baby pandas baby pandas baby pandas,0.005721,0.01274,0.08688,0.2362,0.3095,0.349
207,health canada issues advice on canned tuna,0.0753,0.03611,0.3082,0.2669,0.1226,0.191
208,grammys ready to name winners,0.2119,0.07427,0.08257,0.3159,0.07465,0.2407
209,asean urges north korea resolution,0.06555,0.02056,0.2149,0.3281,0.1645,0.2064
210,rebels to join nepal parliament,0.1652,0.0496,0.2105,0.2494,0.1439,0.1815
211,rice u s won t pull plug on iraq,0.1587,0.03429,0.2833,0.2429,0.1351,0.1457
212,anglicans rebuke u s branch on same sex unions,0.118,0.03139,0.2594,0.2757,0.1382,0.1774
213,somalia declares state of emergency,0.06438,0.04182,0.3467,0.2226,0.2165,0.108
214,hussein co defendants executed,0.1653,0.1709,0.1343,0.05999,0.3752,0.0943
215,james brown s year old son left out of will,0.04301,0.02589,0.04174,0.4998,0.1921,0.1975
216,ms adds office to vista coupon program,0.04568,0.02097,0.03507,0.3207,0.1732,0.4043
217,britain to limit workers from romania bulgaria,0.04337,0.01537,0.1276,0.3357,0.2751,0.2029
218,us airways boosts bid for delta,0.01542,0.1165,0,0.4633,0.06336,0.3414
219,hpv vaccination stirs heated debate in america,0.171,0.0829,0.1625,0.1585,0.302,0.1232
220,full recovery expected for marathon winner,0.04132,0.02358,0.1342,0.497,0.1477,0.1562
221,beckham won t play again for real,0.1269,0.06608,0.1116,0.309,0.1492,0.2371
222,cultural revolutionary the ipod is five,0.01764,0.01888,0.1365,0.5685,0.07463,0.1839
223,village buried by inches of snow,0.07645,0.08251,0.1432,0.2413,0.1841,0.2724
224,mountain glaciers melting faster united nations says,0.07235,0.03215,0.05808,0.363,0.1852,0.2892
225,ice storm smacks roads power,0.02829,0.02071,0.5045,0.04611,0.2794,0.121
226,ex border patrol agent beaten in prison,0.1431,0.06803,0.1421,0.1653,0.1239,0.3576
227,israel to install cameras to show live mughrabi footage,0.1738,0.08451,0.1112,0.2597,0.1797,0.1911
228,latest updates on world s top stories,0.02303,0,0.3847,0.2782,0.05439,0.2596
229,lily allen wins web music award,0.05213,0.01323,0.09862,0.5587,0.04234,0.235
230,rowling heartbroken euphoric at potter s end,0.05141,0.005373,0.1183,0.2483,0.3418,0.2348
231,hamas fatah leaders pledge to meet until they reach agreement,0.07911,0.04194,0.2195,0.2592,0.1563,0.2439
232,new vaccine for cervical cancer could prove useful in men too,0.06116,0.0221,0.1402,0.3801,0.159,0.2375
233,mbeki world cup planning on track,0.02993,0.001031,0.2646,0.3637,0.111,0.2298
234,money makeovers,0.06397,0.0128,0.07011,0.3438,0.04491,0.4644
235,punter charged with stabbing asks to live outside state,0.1089,0.06255,0.1667,0.1356,0.2488,0.2774
236,emi warns on profits boss goes,0.1077,0.07965,0.1903,0.2237,0.2509,0.1477
237,gunman fine before shooting,0.09386,0.0965,0.1953,0.1061,0.2749,0.2334
238,svindal claims are golden double,0.1381,0.2811,0.1242,0.09947,0.2545,0.1026
239,ethiopia readies for millennium all its own,0.02794,0.0256,0,0.6067,0.0291,0.3107
240,mancuso sparks u s celebrations,0.133,0.03658,0.2487,0.2194,0.1928,0.1695
241,nasa spacecraft to measure sun,0.06413,0.04406,0.04267,0.3654,0.07212,0.4117
242,teen repellent inventor wins infamous prize,0.05856,0.02556,0.05404,0.5756,0.07223,0.214
243,peron held over s rights abuses,0.1392,0.08839,0.08483,0.4061,0.09157,0.1899
244,kim jong il bans japanese cars in north korea,0.06947,0.05648,0.1241,0.3011,0.2298,0.2192
245,canadians tracked in child porn ring,0.2001,0.2337,0.127,0.07149,0.1794,0.1884
246,ryan o neal injured son s girlfriend,0.02815,0.004098,0.06656,0.5818,0.1274,0.1919
247,messi makes barcelona squad return,0.007221,0.001445,0.007914,0.835,0.00507,0.1434
248,brith airways baggage charges cause confusion,0.012,0.1614,0.0166,0.3038,0.05728,0.449
249,a film star in kampala conjuring aminos ghost,0.1165,0.14,0.09924,0.2435,0.1837,0.2171
250,opponent is put on the spot over remarks about clinton,0.03362,0.107,0.09869,0.3032,0.06786,0.3896
251,apple set for massive market gains,0.2339,0.02866,0.05227,0.1749,0.2201,0.2903
252,vista s hyped security will be tested,0.05298,0.01296,0.1498,0.3671,0.2365,0.1806
253,dating difficult for harry potter,0.08493,0.07493,0.01248,0.469,0.1384,0.2203
254,uk letter bombs may be from extremist drivers,0.07247,0.06003,0.08687,0.2489,0.2379,0.2938
255,bush vows cooperation on health care,0.1636,0.08855,0.1975,0.1873,0.1467,0.2163
256,baby born on turnpike after dad misses exit,0.05042,0.07037,0.2371,0.01867,0.4454,0.178
257,parachutist dies at bridge jump festival,0.0218,0,0.1383,0.04739,0.5024,0.2901
258,citing spy agencies study democrats seek iraq changes,0.2013,0.1726,0.1544,0.05772,0.2303,0.1837
259,airlines uk airport runway unsafe,0.08533,0.1212,0.2307,0.1503,0.2512,0.1612
260,man gets second chance at space ride,0.05961,0.05561,0.07275,0.3258,0.1891,0.2971
261,archaeologists find remains of couple locked in a hug,0.03844,0.06681,0.03991,0.1421,0.2996,0.4132
262,study detects a gene linked to alzheimer s,0.1445,0.1602,0.1597,0.1206,0.2021,0.213
263,weight loss drug to be sold over the counter,0.1058,0.08106,0.06589,0.3071,0.1343,0.3058
264,zach braff says he has mild depression,0.01134,0.03119,0.05211,0.3058,0.2657,0.3339
265,apple warns itunes users to wait on vista,0.2355,0.02177,0.01463,0.114,0.207,0.4072
266,guy sweat is babe magnet,0.009497,0.06509,0.03502,0.2397,0.08162,0.5691
267,in egypt rice speaks softly,0.1256,0.1385,0.1783,0.1269,0.324,0.1067
268,ex jonbenet suspect child porn case dropped,0.1778,0.1577,0.1096,0.104,0.1362,0.3147
269,court tv accused killer tells jury a love story,0.05665,0.03499,0.06357,0.3086,0.3202,0.2159
270,us to urge nato afghan spring offensive,0.1728,0.03964,0.3014,0.1616,0.1818,0.1427
271,texan allegedly joined somalia rebel plot,0.06907,0.01026,0.1159,0.5185,0.1178,0.1685
272,tensions as hungary marks uprising,0.02333,0.01247,0.2161,0.2718,0.2904,0.1859
273,idf shells lebanese army positions across northern border,0.1491,0.09859,0.2535,0.08159,0.3289,0.08842
274,north korea claims nuclear test,0.0667,0.02035,0.2283,0.3738,0.1124,0.1984
275,beckham to l a for the game not fame,0.06578,0.04968,0.2059,0.4432,0.1248,0.1106
276,hungary police tackle violent protestors,0.1973,0.1523,0.2373,0.1438,0.2102,0.05908
277,arthurs upsets robredo in first round at the st petersburg open,0.0959,0.034,0.09485,0.3214,0.1169,0.337
278,brazil air force cites faults and confusion in fatal crash,0.08859,0.03758,0.1281,0.3136,0.156,0.2763
279,war is close ethiopia tells somali rebels,0.1132,0.02031,0.3028,0.1315,0.2756,0.1565
280,democrats plot bush troop increase censure,0.2204,0.1624,0.2711,0.02026,0.1767,0.1491
281,bangladesh ferry sinks dead,0.06385,0.0008368,0.2982,0.009959,0.5518,0.07545
282,sale of chrysler possible,0.0284,0.07075,0.1042,0.3838,0.2698,0.143
283,lawyer for deceased nazi era collaborator papon vows to bury him,0.1908,0.1103,0.07058,0.241,0.2662,0.1211
284,mixed reaction to china s africa push,0.03823,0.01976,0.05912,0.3981,0.1944,0.2903
285,jon stewart mocks benefits of cnn s i,0.05085,0.03407,0.08922,0.4975,0.1826,0.1457
286,top colombia official resigns,0.08582,0.1098,0.2669,0.1303,0.2664,0.1407
287,toshiba portege r,0.06397,0.0128,0.07011,0.3438,0.04491,0.4644
288,luxury digs in south carolina s lowcountry,0,0.001133,0.04526,0.5524,0.2331,0.1681
289,th person dies after receiving flu shot,0.006492,0.006492,0.1855,0.1832,0.4548,0.1635
290,bears watch as lead slips away,0,0,0,0.8354,0,0.1646
291,jail me i ate ivory coast chocolate,0.1314,0.06304,0.1302,0.2497,0.1649,0.2608
292,teacher charged with sex assault,0.08561,0.1526,0.09631,0.1705,0.2207,0.2743
293,college tuition continues climbing,0.2744,0.02278,0.2782,0.02163,0.3461,0.05685
294,matthews lays off turkey workers,0.04967,0.0007939,0.1354,0.3555,0.3016,0.157
295,space life search turns to tv,0.05791,0.03293,0.1362,0.1777,0.2481,0.3471
296,myspace welcomes french friends,0.08526,0.01613,0.0255,0.3876,0.0605,0.425
297,hackers attack root servers,0.2009,0.1095,0.2835,0.06738,0.2795,0.05917
298,ice storm coating midwest,0.02839,0.01196,0.4939,0.05739,0.2755,0.1329
299,gop senators to force debate on troops in iraq,0.2058,0.04582,0.2602,0.1236,0.2888,0.07585
300,ex teacher guilty in nude pictures scheme,0.0806,0.09278,0.1841,0.1057,0.1933,0.3436
301,years on but couple still hugging,0.069,0.05179,0.08354,0.4285,0.1499,0.2173
302,pats fourth quarter rally finishes chargers,0.2709,0.03508,0.2888,0.1009,0.1065,0.1978
303,review alpha dog misses the point,0.01034,0.04501,0.0592,0.2444,0.2995,0.3416
304,andromeda involved in galactic collision,0.1531,0.0819,0.1477,0.1525,0.3313,0.1335
305,injured marathon winner leaves hospital,0.02438,0.001092,0.0815,0.599,0.2388,0.05522
306,kate is marrying doherty,0.04049,0.02458,0.1531,0.4561,0.06173,0.264
307,baghdad plan is a success iraq prime minister tells bush,0.1941,0.104,0.1495,0.1214,0.248,0.183
308,beckham outlines reasons for move,0.06205,0.03673,0,0.5541,0.1246,0.2225
309,al qaeda chiefs are seen to regain power,0.0924,0.1372,0.3275,0.1626,0.1526,0.1277
310,start late retire rich,0.01507,0.0005621,0.09253,0.3698,0.2927,0.2293
311,autos drive european gains,0.06397,0.0128,0.07011,0.3438,0.04491,0.4644
312,immigrants and french reach deal in standoff,0.09879,0.0611,0.04555,0.4127,0.1071,0.2748
